Date,Project,Task,Hours,Engineer
2024-07-05,"QuantumLeap","Writing unit tests for the core module",4,"Alice"
2024-07-05,"Zenith","Implementing responsive design for mobile views",6,"Charlie"
2024-07-05,"Pinnacle","Wireframing for the new mobile app",8,"David"
2024-07-04,"Nebula","Performance optimization for the main query",5,"Bob"
2024-07-04,"Pinnacle","Client meeting and requirements gathering",2,"David"
2024-07-03,"Zenith","UI/UX design mockups for the new feature",7,"Charlie"
2024-07-03,"QuantumLeap","CI/CD pipeline setup",4,"Alice"
2024-07-02,"QuantumLeap","Database schema design and implementation",8,"Alice"
2024-07-02,"Zenith","Frontend component development for dashboard",5,"Charlie"
2024-07-02,"Nebula","Fixing bugs in the payment gateway module",3,"Bob"
2024-07-01,"QuantumLeap","Initial project setup and configuration",4,"Alice"
2024-07-01,"Nebula","API integration for user authentication",6,"Bob"
